{"cameraMode":{"drawMode":0,"name":"Shaded","section":"Shading Mode"},"sceneLighting":false,"audioPlay":false,"sceneViewState":{"m_AlwaysRefresh":false,"showFog":true,"showSkybox":false,"showFlares":true,"showImageEffects":true,"showParticleSystems":true,"showVisualEffectGraphs":true,"m_FxEnabled":true},"in2DMode":false,"pivot":{"x":2.826385974884033,"y":0.7609270215034485,"z":9.867911338806153},"rotation":{"x":0.044079139828681949,"y":-0.1994476169347763,"z":0.008981455117464066,"w":0.9788771867752075},"size":4.712104320526123,"orthographic":false}